"","p__Acidobacteria","p__Actinobacteria","p__Aquificae","p__Armatimonadetes","p__Artverviricota","p__Atribacterota","p__Bacteroidetes","p__Balneolaeota","p__Caldiserica","p__Calditrichaeota","p__Candidatus_Absconditabacteria","p__Candidatus_Bipolaricaulota","p__Candidatus_Cloacimonetes","p__Candidatus_Korarchaeota","p__Candidatus_Lokiarchaeota","p__Candidatus_Micrarchaeota","p__Candidatus_Nanohaloarchaeota","p__Candidatus_Omnitrophica","p__Candidatus_Saccharibacteria","p__Candidatus_Thermoplasmatota","p__Chlamydiae","p__Chlorobi","p__Chloroflexi","p__Chrysiogenetes","p__Coprothermobacterota","p__Cossaviricota","p__Crenarchaeota","p__Cyanobacteria","p__Deferribacteres","p__Deinococcus-Thermus","p__Dictyoglomi","p__Elusimicrobia","p__Euryarchaeota","p__Fibrobacteres","p__Firmicutes","p__Fusobacteria","p__Gemmatimonadetes","p__Hofneiviricota","p__Ignavibacteriae","p__Kiritimatiellaeota","p__Kitrinoviricota","p__Lenarviricota","p__Negarnaviricota","p__Nitrospirae","p__Nucleocytoviricota","p__Peploviricota","p__Phixviricota","p__Pisuviricota","p__Planctomycetes","p__Preplasmiviricota","p__Proteobacteria","p__Spirochaetes","p__Synergistetes","p__Tenericutes","p__Thaumarchaeota","p__Thermodesulfobacteria","p__Thermotogae","p__un_k__Bacteria","p__Uroviricota","p__Verrucomicrobia","cancertype"
"TCGA-OR-A5JO-01",0,1854,0,0,0,0,665,0,0,0,0,0,0,0,0,0,0,0,0,0,0,0,0,0,0,0,0,0,0,35,0,0,0,0,7293,253,0,0,0,0,0,0,0,0,0,0,0,0,0,0,69615,0,0,0,0,0,0,0,0,0,"ACC"
"TCGA-OR-A5J8-01",0,233,0,0,0,0,55,0,0,0,0,0,0,0,0,0,0,0,0,0,0,0,0,0,0,0,0,0,0,27,0,0,0,0,31398,0,0,0,0,0,0,0,0,0,0,0,0,0,0,0,45135,0,0,0,0,0,0,0,0,0,"ACC"
"TCGA-OR-A5J7-01",0,888,0,0,0,0,0,0,0,0,0,0,0,0,0,0,0,0,0,0,0,0,0,0,0,0,0,0,0,34,0,0,0,0,0,0,0,0,0,0,0,0,0,0,0,0,0,0,0,0,61506,0,0,0,0,0,0,0,0,0,"ACC"
"TCGA-OR-A5J2-01",0,120,0,0,0,0,0,0,0,0,0,0,0,0,0,0,0,0,0,0,0,0,0,0,0,0,0,0,0,0,0,0,0,0,2441,0,0,0,0,0,0,0,0,0,0,0,0,0,0,0,72572,0,0,0,0,0,0,0,0,0,"ACC"
"TCGA-OR-A5K5-01",0,643,0,0,0,0,0,0,0,0,0,0,0,0,0,0,0,0,0,0,0,0,0,0,0,0,0,49,0,57,0,0,0,0,0,0,0,0,0,0,0,0,0,0,0,0,0,0,0,0,21077,0,0,0,0,0,0,0,0,0,"ACC"
"TCGA-OR-A5L8-01",0,64,0,0,0,0,0,0,0,0,0,0,0,0,0,0,0,0,0,0,0,0,0,0,0,0,0,0,0,0,0,0,0,0,2301,0,0,0,0,0,0,0,0,0,0,0,0,0,0,0,30667,0,0,0,0,0,0,0,0,0,"ACC"
"TCGA-OR-A5L5-01",0,271,0,0,0,0,0,0,0,0,0,0,0,0,0,0,0,0,0,0,0,0,0,0,0,0,0,0,0,30,0,0,0,0,16576,0,0,0,0,0,0,0,0,0,0,0,0,0,0,0,6292,0,0,0,0,0,0,0,0,0,"ACC"
"TCGA-OR-A5L3-01",0,383,0,0,0,0,0,0,0,0,0,0,0,0,0,0,0,0,0,0,0,0,0,0,0,0,0,0,0,34,0,0,0,0,12682,0,0,0,0,0,0,0,0,0,0,0,0,0,0,0,48265,0,0,0,0,0,0,0,0,0,"ACC"
"TCGA-OR-A5K3-01",0,238,0,0,0,0,0,0,0,0,0,0,0,0,0,0,0,0,0,0,0,0,0,0,0,0,0,0,0,23,0,0,0,0,0,0,0,0,0,0,0,0,0,0,0,0,0,0,0,0,33768,0,0,0,0,0,0,0,0,0,"ACC"
"TCGA-OR-A5K8-01",0,628,0,0,0,0,284,0,0,0,0,0,0,0,0,0,0,0,0,0,0,0,0,0,0,0,0,0,0,13,0,0,0,0,13434,0,0,0,0,0,0,0,0,0,0,0,0,0,0,0,16041,0,0,0,0,0,0,0,0,0,"ACC"
"TCGA-OR-A5L9-01",0,1293,0,0,0,0,316,0,0,0,0,0,0,0,0,0,0,0,0,0,0,0,0,0,0,0,0,0,0,19,0,0,0,0,1527,0,0,0,0,0,0,0,0,0,0,0,0,0,26,0,15795,0,0,0,0,0,0,0,0,0,"ACC"
"TCGA-OR-A5KZ-01",0,288,0,0,0,0,0,0,0,0,0,0,0,0,0,0,0,0,0,0,0,0,0,0,0,0,0,0,0,42,0,0,0,0,5460,0,0,0,0,0,0,0,0,0,0,0,0,0,0,0,1790,0,0,0,0,0,0,0,0,0,"ACC"
"TCGA-OR-A5J3-01",0,57,0,0,0,0,0,0,0,0,0,0,0,0,0,0,0,0,0,0,0,0,0,0,0,0,0,0,0,22,0,0,0,0,452,0,0,0,0,0,0,0,0,0,0,0,0,0,0,0,55577,0,0,0,0,0,0,0,0,0,"ACC"
"TCGA-OR-A5JF-01",0,3298,0,0,0,0,196,0,0,0,0,0,0,0,0,0,0,0,0,0,0,0,0,0,0,0,0,0,0,27,0,0,0,0,27610,0,0,0,0,0,0,0,0,0,0,0,0,0,0,0,20531,0,0,0,0,0,0,0,0,0,"ACC"
"TCGA-PK-A5H9-01",0,69,0,0,0,0,0,0,0,0,0,0,0,0,0,0,0,0,0,0,0,0,0,0,0,0,0,0,0,41,0,0,0,0,14797,0,0,0,0,0,0,0,0,0,0,0,0,0,0,0,589,0,0,0,0,0,0,0,0,0,"ACC"
"TCGA-OR-A5KW-01",0,8422,0,0,0,0,8334,0,0,0,0,0,0,0,0,0,0,0,0,0,0,0,0,0,0,0,0,0,0,11,0,0,0,0,40871,0,0,0,0,0,0,0,0,0,0,0,0,0,0,0,58354,0,0,0,0,0,0,0,0,0,"ACC"
"TCGA-OR-A5LE-01",0,113,0,0,0,0,0,0,0,0,0,0,0,0,0,0,0,0,0,0,0,0,0,0,0,0,0,0,0,37,0,0,0,0,27464,0,0,0,0,0,0,0,0,0,0,0,0,0,0,0,20206,0,0,0,0,0,0,0,0,0,"ACC"
"TCGA-OR-A5LR-01",0,67,0,0,0,0,0,0,0,0,0,0,0,0,0,0,0,0,0,0,0,0,0,0,0,0,0,0,0,0,0,0,0,0,696,0,0,0,0,0,0,0,0,0,0,0,0,0,0,0,38730,0,0,0,0,0,0,0,0,0,"ACC"
"TCGA-OR-A5JZ-01",0,0,0,0,0,0,0,0,0,0,0,0,0,0,0,0,0,0,0,0,0,0,0,0,0,0,0,0,0,0,0,0,0,0,0,0,0,0,0,0,0,0,0,0,0,0,0,0,0,0,19542,0,0,0,0,0,0,0,0,0,"ACC"
"TCGA-OR-A5J5-01",0,573,0,0,0,0,0,0,0,0,0,0,0,0,0,0,0,0,0,0,0,0,0,0,0,0,0,0,0,41,0,0,0,0,26957,0,0,0,0,0,0,0,0,0,0,0,0,0,0,0,41667,0,0,0,0,0,0,0,0,0,"ACC"
"TCGA-OR-A5LA-01",0,933,0,0,0,0,163,0,0,0,0,0,0,0,0,0,0,0,0,0,0,0,0,0,0,0,0,0,0,47,0,0,0,0,29089,0,0,0,0,0,0,0,0,0,0,0,0,0,0,0,35958,0,0,0,0,0,0,0,0,0,"ACC"
"TCGA-OR-A5LJ-01",0,321,0,0,0,0,72,0,0,0,0,0,0,0,0,0,0,0,0,0,0,0,0,0,0,0,0,0,0,37,0,0,0,0,17344,0,0,0,0,0,0,0,0,0,0,0,0,0,0,0,52650,0,0,0,0,0,0,0,0,0,"ACC"
"TCGA-OR-A5LB-01",0,152,0,0,0,0,0,0,0,0,0,0,0,0,0,0,0,0,0,0,0,0,0,0,0,0,0,0,0,2431,0,0,0,0,65,0,0,0,0,0,0,0,0,0,0,0,0,0,0,0,36636,0,0,0,0,0,0,0,0,0,"ACC"
"TCGA-OR-A5JK-01",0,799,0,0,0,0,63,0,0,0,0,0,0,0,0,0,0,0,0,0,0,0,0,0,0,0,0,0,0,17,0,0,0,0,30647,0,0,0,0,0,0,0,0,0,0,0,0,0,0,0,44033,0,0,0,0,0,0,0,0,0,"ACC"
"TCGA-OR-A5JB-01",0,277,0,0,0,0,73,0,0,0,0,0,0,0,0,0,0,0,0,0,0,0,0,0,0,0,0,0,0,39,0,0,0,0,27595,0,0,0,0,0,0,0,0,0,0,0,0,0,0,0,64661,0,0,0,0,0,0,0,0,0,"ACC"
"TCGA-OR-A5K2-01",0,214,0,0,0,0,0,0,0,0,0,0,0,0,0,0,0,0,0,0,0,0,0,0,0,0,0,0,0,27,0,0,0,0,1171,0,0,0,0,0,0,0,0,0,0,0,0,0,0,0,40594,0,0,0,0,0,0,0,0,0,"ACC"
"TCGA-OR-A5JR-01",0,2329,0,0,0,0,0,0,0,0,0,0,0,0,0,0,0,0,0,0,0,0,0,0,0,0,0,0,0,0,0,0,0,0,0,0,0,0,0,0,0,0,0,0,0,0,0,0,0,0,4170,0,0,0,0,0,0,0,0,0,"ACC"
"TCGA-OR-A5JI-01",0,146,0,0,0,0,0,0,0,0,0,0,0,0,0,0,0,0,0,0,0,0,0,0,0,0,0,0,0,38,0,0,0,0,2420,0,0,0,0,0,0,0,0,0,0,0,0,0,0,0,22376,0,0,0,0,0,0,0,0,0,"ACC"
"TCGA-OR-A5K0-01",0,758,0,54,0,0,0,0,0,0,0,0,0,0,0,0,0,0,0,0,0,0,0,0,0,0,0,0,0,16,0,0,0,0,114,0,0,0,0,0,0,0,0,0,0,0,0,0,0,0,41805,0,0,0,0,0,0,0,0,0,"ACC"
"TCGA-OR-A5K1-01",0,524,0,0,0,0,0,0,0,0,0,0,0,0,0,0,0,0,0,0,0,0,0,0,0,0,0,0,0,386,0,0,0,0,0,0,0,0,0,0,0,0,0,0,0,0,0,0,0,0,3478,0,0,0,0,0,0,0,0,0,"ACC"
"TCGA-OR-A5LD-01",0,401,0,0,0,0,0,0,0,0,0,0,0,0,0,0,0,0,0,0,0,0,0,0,0,0,0,0,0,57,0,0,0,0,11803,0,0,0,0,0,0,0,0,0,0,0,0,0,0,0,24646,0,0,0,0,0,0,0,0,0,"ACC"
"TCGA-OR-A5J1-01",0,183,0,0,0,0,242,0,0,0,0,0,0,0,0,0,0,0,0,0,0,0,0,0,0,0,0,0,0,52,0,0,0,0,0,0,0,0,0,0,0,0,0,0,0,0,0,0,0,0,54360,0,0,0,0,0,0,0,0,0,"ACC"
"TCGA-OR-A5KU-01",0,1200,0,0,0,0,0,0,0,0,0,0,0,0,0,0,0,0,0,0,0,0,0,0,0,0,0,0,0,0,0,0,0,0,115,0,0,0,0,0,0,0,0,0,0,0,0,0,0,0,43697,0,0,0,0,0,0,0,0,0,"ACC"
"TCGA-OR-A5JM-01",0,344,0,0,0,0,50,0,0,0,0,0,0,0,0,0,0,0,0,0,0,0,0,0,0,0,0,0,0,12,0,0,0,0,13121,0,0,0,0,0,0,0,0,0,0,0,0,0,0,0,61836,0,0,0,0,0,0,0,0,0,"ACC"
"TCGA-OR-A5L6-01",0,835,0,0,0,0,178,0,0,0,0,0,0,0,0,0,0,0,0,0,0,0,0,0,0,0,0,19,0,0,0,0,0,0,0,345,0,0,0,0,0,0,0,0,0,0,0,0,103,0,14555,0,0,0,0,0,0,0,0,0,"ACC"
"TCGA-OR-A5KV-01",0,83,0,0,0,0,0,0,0,0,0,0,0,0,0,0,0,0,0,0,0,0,0,0,0,0,0,0,0,28,0,0,0,0,62390,0,0,0,0,0,0,0,0,0,0,0,0,0,0,0,3965,0,0,0,0,0,0,0,0,0,"ACC"
"TCGA-OR-A5LN-01",0,220,0,0,0,0,0,0,0,0,0,0,0,0,0,0,0,0,0,0,0,0,0,0,0,0,0,0,0,12,0,0,0,0,0,0,0,0,0,0,0,0,0,0,0,0,0,0,0,0,66338,0,0,0,0,0,0,0,0,0,"ACC"
"TCGA-OR-A5JD-01",0,127,0,0,0,0,0,0,0,0,0,0,0,0,0,0,0,0,0,0,0,0,0,0,0,0,0,0,0,122,0,0,0,0,0,0,0,0,0,0,0,0,0,0,0,0,0,0,0,0,6857,0,0,0,0,0,0,0,0,0,"ACC"
"TCGA-OR-A5LL-01",0,188,0,0,0,0,0,0,0,0,0,0,0,0,0,0,0,0,0,0,0,0,0,0,0,0,0,0,0,0,0,0,0,0,21929,0,0,0,0,0,0,0,0,0,0,0,0,0,0,0,9276,0,0,0,0,0,0,0,0,0,"ACC"
"TCGA-OU-A5PI-01",0,55,0,0,0,0,30,0,0,0,0,0,0,0,0,0,0,0,0,0,0,0,0,0,0,0,0,0,0,0,0,0,0,0,0,0,0,0,0,0,0,0,0,0,0,0,0,0,0,0,38270,0,0,0,0,0,0,0,0,0,"ACC"
"TCGA-OR-A5JP-01",0,511,0,0,0,0,0,0,0,0,0,0,0,0,0,0,0,0,0,0,0,0,0,0,0,0,0,0,0,24,0,0,0,0,1911,0,0,0,0,0,0,0,0,0,0,0,0,0,0,0,74916,0,0,0,0,0,0,0,0,0,"ACC"
"TCGA-PK-A5H8-01",0,1613,0,0,0,0,865,0,0,0,0,0,0,0,0,0,0,0,0,0,0,0,0,0,0,0,0,0,0,21,0,0,0,0,86,0,0,0,0,0,0,0,0,0,0,0,0,0,0,0,72059,0,0,0,0,0,0,0,0,0,"ACC"
"TCGA-OR-A5LO-01",0,525,0,0,0,0,100,0,0,0,0,0,0,0,0,0,0,0,0,0,0,0,0,0,0,0,0,0,0,0,0,0,0,0,37474,0,0,0,0,0,0,0,0,0,0,0,0,0,0,0,37500,0,0,0,0,0,0,0,0,0,"ACC"
"TCGA-OR-A5JE-01",0,877,0,0,0,0,569,0,0,0,0,0,0,0,0,0,0,0,0,0,0,0,0,0,0,0,0,0,0,34,0,0,0,0,19782,0,0,0,0,0,0,0,0,0,0,0,0,0,0,0,54929,0,0,0,0,0,0,0,0,0,"ACC"
"TCGA-OR-A5KY-01",0,1029,0,0,0,0,107,0,0,0,0,0,0,0,0,0,0,0,0,0,0,0,0,0,0,0,0,0,0,189,0,0,0,0,0,0,0,0,0,0,0,0,0,0,0,0,0,0,0,0,20348,0,0,0,0,0,0,0,0,0,"ACC"
"TCGA-OR-A5KX-01",0,321,0,0,0,0,0,0,0,0,0,0,0,0,0,0,0,0,0,0,0,0,0,0,0,0,0,67,0,32,0,0,0,0,8925,0,0,0,0,0,0,0,0,0,0,0,0,0,0,0,52396,0,0,0,0,0,0,0,0,0,"ACC"
"TCGA-OR-A5JX-01",0,1093,0,0,0,0,0,0,0,0,0,0,0,0,0,0,0,0,0,0,0,0,0,0,0,0,0,0,0,19,0,0,0,0,12146,0,0,0,0,0,0,0,0,0,0,0,0,0,0,0,62522,0,0,0,0,0,0,0,0,0,"ACC"
"TCGA-PK-A5HA-01",0,201,0,0,0,0,0,0,0,0,0,0,0,0,0,0,0,0,0,0,0,0,0,0,0,0,0,0,0,0,0,0,0,0,1411,0,0,0,0,0,0,0,0,0,0,0,0,0,0,0,11339,0,0,0,0,0,0,0,0,0,"ACC"
"TCGA-OR-A5K4-01",0,59,0,0,0,0,0,0,0,0,0,0,0,0,0,0,0,0,0,0,0,0,0,0,0,0,0,0,0,0,0,0,0,0,832,0,0,0,0,0,0,0,0,0,0,0,0,0,0,0,51172,0,0,0,0,0,0,0,0,0,"ACC"
"TCGA-OR-A5JL-01",0,367,0,0,0,0,77,0,0,0,0,0,0,0,0,0,0,0,0,0,0,0,0,0,0,0,0,0,0,17,0,0,0,0,12801,0,0,0,0,0,0,0,0,0,0,0,0,0,0,0,57114,0,0,0,0,0,0,0,0,0,"ACC"
"TCGA-OR-A5KT-01",0,869,0,0,0,0,223,0,0,0,0,0,0,0,0,0,0,0,0,0,0,0,0,0,0,0,0,0,0,0,0,0,0,0,14526,0,0,0,0,0,0,0,0,0,0,0,0,0,0,0,11168,0,0,0,0,0,0,0,0,0,"ACC"
"TCGA-OR-A5JV-01",0,302,0,0,0,0,0,0,0,0,0,0,0,0,0,0,0,0,0,0,0,0,0,0,0,0,0,27,0,0,0,0,0,0,10708,0,0,0,0,0,0,0,0,0,0,0,0,0,0,0,36633,0,0,0,0,0,0,0,0,0,"ACC"
"TCGA-PK-A5HB-01",0,165,0,0,0,0,0,0,0,0,0,0,0,0,0,0,0,0,0,0,0,0,0,0,0,0,0,0,0,46,0,0,0,0,0,0,0,0,0,0,0,0,0,0,0,0,0,0,0,0,52741,0,0,0,0,0,0,0,0,0,"ACC"
"TCGA-OR-A5J6-01",0,1427,0,0,0,0,0,0,0,0,0,0,0,0,0,0,0,0,0,0,0,0,0,0,0,0,0,0,0,152,0,0,0,0,0,0,0,0,0,0,0,0,0,0,0,0,0,0,0,0,32803,0,0,0,0,0,0,0,0,0,"ACC"
"TCGA-OR-A5K9-01",0,438,0,0,0,0,207,0,0,0,0,0,0,0,0,0,0,0,0,0,0,0,0,0,0,0,0,0,0,0,0,0,0,0,28615,25,0,0,0,0,0,0,0,0,0,0,0,0,0,0,46523,0,0,0,0,0,0,0,0,0,"ACC"
"TCGA-OR-A5LS-01",0,377,0,0,0,0,0,0,0,0,0,0,0,0,0,0,0,0,0,0,0,0,0,0,0,0,0,0,0,215,0,0,0,0,4751,0,0,0,0,0,0,0,0,0,0,0,0,0,0,0,703,0,0,0,0,0,0,0,0,0,"ACC"
"TCGA-OR-A5JC-01",0,257,0,0,0,0,0,0,0,0,0,0,0,0,0,0,0,0,0,0,0,0,0,0,0,0,0,0,0,47,0,0,0,0,406,0,0,0,0,0,0,0,0,0,0,0,0,0,0,0,69562,0,0,0,0,0,0,0,0,0,"ACC"
"TCGA-PA-A5YG-01",0,1285,0,0,0,0,0,0,0,0,0,0,0,0,0,0,0,0,0,0,0,0,0,0,0,0,0,0,0,51,0,0,0,0,6547,0,0,0,0,0,0,0,0,0,0,0,0,0,0,0,63848,0,0,0,0,0,0,0,0,0,"ACC"
"TCGA-OR-A5JQ-01",0,798,0,0,0,0,0,0,0,0,0,0,0,0,0,0,0,0,0,0,0,0,0,0,0,0,0,0,0,48,0,0,0,0,0,0,0,0,0,0,0,0,0,0,0,0,0,0,0,0,78667,0,0,0,0,0,0,0,0,0,"ACC"
"TCGA-OR-A5J9-01",0,321,0,0,0,0,0,0,0,0,0,0,0,0,0,0,0,0,0,0,0,0,0,0,0,0,0,0,0,38,0,0,0,0,37191,0,0,0,0,0,0,0,0,0,0,0,0,0,0,0,30919,0,0,0,0,0,0,0,0,0,"ACC"
"TCGA-OR-A5LP-01",0,263,0,0,0,0,0,0,0,0,0,0,0,0,0,0,0,0,0,0,0,0,0,0,0,0,0,0,0,44,0,0,0,0,2058,0,0,0,0,0,0,0,0,0,0,0,0,0,0,0,38662,0,0,0,0,0,0,0,0,0,"ACC"
"TCGA-P6-A5OG-01",0,2324,0,0,0,0,1101,0,0,0,0,0,0,0,0,0,0,0,0,0,0,0,0,0,0,0,0,0,0,32,0,0,0,0,48205,231,0,0,0,0,0,0,0,0,0,0,0,0,0,0,44197,0,18,0,0,0,0,0,0,0,"ACC"
"TCGA-OR-A5JY-01",0,489,0,0,0,0,0,0,0,0,0,0,0,0,0,0,0,0,0,0,0,0,0,0,0,0,0,0,0,24,0,0,0,0,809,0,0,0,0,0,0,0,0,0,0,0,0,0,0,0,55515,0,0,0,0,0,0,0,0,0,"ACC"
"TCGA-OR-A5JJ-01",0,128,0,0,0,0,0,0,0,0,0,0,0,0,0,0,0,0,0,0,0,0,0,0,0,0,0,0,0,30,0,0,0,0,1673,0,0,0,0,0,0,0,0,0,0,0,0,0,0,0,43418,0,0,0,0,0,0,0,0,0,"ACC"
"TCGA-OR-A5L4-01",0,161,0,0,0,0,0,0,0,0,0,0,0,0,0,0,0,0,0,0,0,0,0,0,0,0,0,0,0,0,0,0,0,0,0,0,0,0,0,0,0,0,0,0,0,0,0,0,0,0,46255,0,0,0,0,0,0,0,0,0,"ACC"
"TCGA-OR-A5K6-01",0,438,0,0,0,0,37,0,0,0,0,0,0,0,0,0,0,0,0,0,0,0,0,0,0,0,0,0,0,30,0,0,0,0,18451,0,0,0,0,0,0,0,0,0,0,0,0,0,0,0,43458,0,0,0,0,0,0,0,0,0,"ACC"
"TCGA-P6-A5OF-01",0,608,0,0,0,0,31,0,0,0,0,0,0,0,0,0,0,0,0,0,0,0,0,0,0,0,0,0,0,27,0,0,0,0,12328,0,0,0,0,0,0,0,0,0,0,0,0,0,48,0,73370,0,0,0,0,0,0,0,0,0,"ACC"
"TCGA-OR-A5LG-01",0,599,0,0,0,0,1668,0,0,0,0,0,0,0,0,0,0,0,0,0,0,0,0,0,0,0,0,48,0,53,0,0,0,0,18824,0,0,0,0,0,0,0,0,0,0,0,0,0,0,0,49586,0,0,0,0,0,0,0,0,0,"ACC"
"TCGA-OR-A5JS-01",0,562,0,0,0,0,0,0,0,0,0,0,0,0,0,0,0,0,0,0,0,0,0,0,0,0,0,0,0,67,0,0,0,0,17717,0,0,0,0,0,0,0,0,0,0,0,0,0,0,0,2229,0,0,0,0,0,0,0,0,0,"ACC"
"TCGA-OR-A5LK-01",0,1465,0,0,0,0,0,0,0,0,0,0,0,0,0,0,0,0,0,0,0,0,0,0,0,0,0,0,0,0,0,0,0,0,0,0,0,0,0,0,0,0,0,0,0,0,0,0,0,0,3078,0,0,0,0,0,0,0,0,0,"ACC"
"TCGA-OR-A5JG-01",0,28611,0,0,0,0,0,0,0,0,0,0,0,0,0,0,0,0,0,0,0,0,0,0,0,0,0,0,0,75,0,0,0,0,5546,0,0,0,0,0,0,0,0,0,0,0,0,0,0,0,14228,0,0,0,0,0,0,0,0,0,"ACC"
"TCGA-OR-A5JA-01",0,173,0,0,0,0,0,0,0,0,0,0,0,0,0,0,0,0,0,0,0,0,0,0,0,0,0,0,0,29,0,0,0,0,5109,0,0,0,0,0,0,0,0,0,0,0,0,0,0,0,36121,0,0,0,0,0,0,0,0,0,"ACC"
"TCGA-OR-A5JT-01",0,306,0,0,0,0,0,0,0,0,0,0,0,0,0,0,0,0,0,0,0,0,0,0,0,0,0,0,0,31,0,0,0,0,511,0,0,0,0,0,0,0,0,0,0,0,0,0,0,0,55905,0,0,0,0,0,0,0,0,0,"ACC"
"TCGA-OR-A5LH-01",0,1315,0,443,0,0,1629,0,0,0,0,0,0,0,0,0,0,0,17,0,0,0,13,0,0,0,0,22,51,500,0,0,0,0,56873,0,0,0,0,0,0,0,0,0,0,0,0,0,11,0,50160,14,0,0,0,0,17,0,0,32,"ACC"
"TCGA-OR-A5KO-01",0,156,0,0,0,0,0,0,0,0,0,0,0,0,0,0,0,0,0,0,0,0,0,0,0,0,0,0,0,12,0,0,0,0,3454,0,0,0,0,0,0,0,0,0,0,0,0,0,0,0,52122,0,0,0,0,0,0,0,0,0,"ACC"
"TCGA-OR-A5LM-01",0,152,0,0,0,0,0,0,0,0,0,0,0,0,0,0,0,0,0,0,0,0,0,0,0,0,0,0,0,25,0,0,0,0,0,0,0,0,0,0,0,0,0,0,0,0,0,0,0,0,80350,0,0,0,0,0,0,0,0,0,"ACC"
"TCGA-OR-A5LT-01",0,393,0,0,0,0,0,0,0,0,0,0,0,0,0,0,0,0,0,0,0,0,0,0,0,0,0,0,0,67,0,0,0,0,1540,0,0,0,0,0,0,0,0,0,0,0,0,0,0,0,16498,0,0,0,0,0,0,0,0,0,"ACC"
"TCGA-OR-A5LC-01",0,321,0,0,0,0,0,0,0,0,0,0,0,0,0,0,0,0,0,0,0,0,0,0,0,0,0,0,0,65,0,0,0,0,0,0,0,0,0,0,0,0,0,0,0,0,0,0,0,0,25342,0,0,0,0,0,0,0,0,0,"ACC"
"TCGA-OR-A5JW-01",0,5423,0,0,0,0,0,0,0,0,0,0,0,0,0,0,0,0,0,0,0,0,0,0,0,0,0,0,0,0,0,0,0,0,0,0,0,0,0,0,0,0,0,0,0,0,0,0,0,0,0,0,0,0,0,0,0,0,0,0,"ACC"
