"id","alpha","alpha_rf","alpha_f_likely","alpha_f_likely_rf","alpha_f_PC","alpha_f_PC_rf","alpha_f_Putative","alpha_f_Putative_rf","alpha_f_Strigent","alpha_f_Strigent_rf","alpha_Vir","alpha_Vir_rf","alpha_Vir_f_Likely","alpha_Vir_f_Likely_rf","alpha_Vir_f_PC","alpha_Vir_f_PC_rf","alpha_Vir_f_Putative","alpha_Vir_f_Putative_rf","alpha_Arc","alpha_Arc_rf","alpha_Arc_f_Likely","alpha_Arc_f_Likely_rf","alpha_Arc_f_PC","alpha_Arc_f_PC_rf","alpha_Arc_f_Putative","alpha_Arc_f_Putative_rf","alpha_Bac","alpha_Bac_rf","alpha_Bac_f_Likely","alpha_Bac_f_Likely_rf","alpha_Bac_f_PC","alpha_Bac_f_PC_rf","alpha_Bac_f_Putative","alpha_Bac_f_Putative_rf","alpha_Bac_f_Strigent","alpha_Bac_f_Strigent_rf"
"s102",3.53930440401846,3.53440998857905,3.34616298474687,3.34843798590841,3.46543462293666,3.46584555714983,3.30372372626404,3.46584555714983,2.01006090042142,2.01161205086613,3.03919049429704,2.623803337775,2.84133497473594,2.68484673825088,2.97559587751462,2.59434691460736,2.81504157957922,2.55582621279553,1.53731862259471,1.58781706452228,0.866981077924993,0.836842464802578,1.47530352637395,1.52331891651455,0.866981077924993,0.72315878270439,3.51402543335291,3.51030912822337,3.32498791223079,3.32612925445979,3.42141942037099,3.41884394265165,3.26645965906866,3.27438964939827,1.95841415755811,1.94548178164745
"s103",3.07720403523954,3.07557776438147,2.94333196868991,2.94107871405858,2.82355023386462,2.82287781870846,2.72551539606641,2.82287781870846,1.85993202576579,1.8338147978482,2.43170058389918,2.12507179086645,2.2662148695771,2.34505224998366,2.43170058389918,2.26430365048205,2.2662148695771,1.92740569501671,1.63202311579606,1.3632050154061,1.11473392376386,0.995455236626051,1.54277772262837,1.51941985968227,1.09027705823564,0.970059208688398,3.05512936308607,3.05696913516266,2.92383971962017,2.9213995851438,2.78415109096797,2.78527393305207,2.69087435571175,2.67108726639658,1.81078117078791,1.76584181972943
"s104",2.43091183024102,2.43287486684177,2.27280149303491,2.27022537642954,1.76531166427469,1.75304531959922,1.66989578104567,1.75304531959922,1.92031831316772,1.91692406923278,3.005689710258,2.65111887966032,2.82635500254939,2.59896103990526,2.99278904246286,2.85257632000323,2.79751852252644,2.59381220079221,1.71283135309195,1.59041340070205,1.02728763952668,1.02066217382291,1.68991251105293,1.55843121896823,1.02728763952668,0.79589494613037,2.41348708115611,2.41666835102882,2.25898831042217,2.25437248110792,1.74230984093885,1.72750463035436,1.6520402703171,1.64829052016149,1.86497810673232,1.9065142062009
"s105",3.63831637002958,3.64247834147224,3.42961036058666,3.41692160533304,3.4399496965479,3.43338612612952,3.26707543167195,3.43338612612952,1.91278215648359,1.92105879694153,3.26507821953481,3.0421337163848,3.09201945460797,2.87880714606524,3.25269349984287,2.70841756684783,3.07776566798275,2.69306025471319,1.76091024434092,1.85976103902395,1.0849390538488,1.04719700146802,1.76091024434092,1.55781986418382,1.0849390538488,0.998987503873296,3.60762636058609,3.60221683918182,3.40436413003224,3.40487191801972,3.3852932953725,3.37924485306059,3.22304309684073,3.22702416859671,1.85690717562838,1.866604846478
"s106",2.71068504797165,2.71399635773409,2.57482895788652,2.57917785436154,2.67275707894605,2.67386503551392,2.56773102765867,2.67386503551392,1.93001960124733,1.93895973223227,2.89447739795246,2.65075784460348,2.66498468921376,2.32855118465653,2.86624631670067,2.42516966312382,2.66498468921376,2.3912267246857,1.55300102309353,1.35795188854455,0.806806474944108,0.660744873329978,1.52596387871477,1.48512827447423,0.806806474944108,0.828097406495813,2.69001615148174,2.68810228350109,2.55841391991184,2.55342169936312,2.63470038509974,2.64684247602057,2.53752987601565,2.53999030629442,1.86450067227463,1.86472915702589
"s107",1.72045414874398,1.72031293197103,1.60834662194389,1.60981910592694,1.08344655589971,1.05856244008332,1.00857136456759,1.05856244008332,1.99206060138976,1.97185656456635,1.12236413235216,1.14983429444534,1.02893702616178,0.740524334148263,1.10799489644071,0.98560544993015,1.01414807526505,0.734668962959347,1.86291730520177,1.85110165155015,1.35311917102519,1.26098256042679,1.79218468605013,1.70097482400521,1.35311917102519,1.35073748748657,1.69984841145635,1.70986320674408,1.58947460512256,1.59559538598373,1.0578651532659,1.04096069049883,0.985251547465151,0.977461245627681,1.83043990966978,1.86630413870876
"s108",3.51560571025203,3.49858637949208,3.32004158268544,3.31987806532147,3.61621817828291,3.61386328167941,3.443481763894,3.61386328167941,2.0007413147014,1.99467174242416,2.95931247128458,2.43934072362839,2.71148929720903,2.47253164330658,2.94476183849239,2.53189351157241,2.69434306893974,2.78979397153501,1.90004494642643,1.80544870705027,1.25472797646587,1.4826626384565,1.88686141015731,1.82700827353896,1.2330904846255,0.817927868412051,3.48683744090994,3.48107336350722,3.29747755667321,3.29121375573829,3.56390748454022,3.55412633749461,3.40267862488108,3.40178544283098,1.9517495804749,1.94434769016324
"s109",3.78512996550361,3.78844502486104,3.58281384861407,3.57362801380823,3.74526916651922,3.7586461158689,3.56682976896911,3.7586461158689,2.02061839671883,2.03678569099627,3.11938010759014,2.84954958678776,2.9073837304183,2.68615803333882,3.08420143002303,2.69507272099804,2.85856978282748,2.62899823630206,1.68636072799329,1.69518981615124,0.950784786595456,1.03066869709896,1.66963043944477,1.51537156286914,0.950784786595456,0.723040804018589,3.74887760024202,3.74972181074488,3.55473715713004,3.55076423330514,3.68383244858521,3.6736957279295,3.51969799354606,3.52205562073224,1.96329840355579,1.97010735761333
"s110",3.10131099238511,3.09898409469822,3.39856561200545,3.39085821147666,3.51325123234362,3.51824304570306,3.32741980029168,3.51824304570306,2.00730731927266,2.00053247314633,2.62666270886564,2.47818954098062,2.41235300570776,1.96686136845573,2.6142709363682,2.57637758492611,2.38906935644747,2.35478516545693,1.51905941349426,1.51414918587505,0.8180572586218,0.567851291727674,1.50775943634197,1.41505864387814,0.8180572586218,0.58224149065286,3.07369538897088,3.0621649803564,3.37087401357509,3.36383010756763,3.45563179433722,3.45625421523118,3.28076209432106,3.28806922247323,1.94473300554059,1.95183553430242
"s111",3.45014474863142,3.44037875852629,3.23784445220904,3.23907882170085,3.4216997588853,3.40285640534251,3.2275911219626,3.40285640534251,2.04281108193174,2.01011074730333,2.75075699507808,2.46798474130965,2.48795036569542,2.47227985914769,2.73883737477646,2.66212635465238,2.4743406258538,2.17074394411108,1.68350109089045,1.56403547146089,1.01101362790588,1.07298973996077,1.65003084665945,1.60328590503348,1.01101362790588,0.790033232929605,3.41814917115306,3.41136349847952,3.21223681938921,3.20854460785569,3.36461804056772,3.36759290255276,3.18186925503795,3.18059993460486,1.98611340488596,1.99414806318856
"s112",3.5966325978554,3.58800012288459,3.42027250279277,3.41531572338908,3.44742684212579,3.45211573058887,3.30570333379623,3.45211573058887,1.97990915500065,1.99712986893848,3.05478630115657,2.96876354858795,2.934170792898,2.71129725011566,2.98689156059596,2.73739317853502,2.92201533792353,2.65977587852578,1.73740573259571,1.90034958444769,1.14063866248429,0.670852822476232,1.69678667050131,1.82593637515104,1.14063866248429,1.10856414144005,3.56382944364907,3.57356147186512,3.39232834316574,3.38287714323324,3.39389746458297,3.3899741800979,3.25986964759639,3.24975244839939,1.90821750116721,1.88784711227158
"s113",3.79120495911657,3.78872055888665,3.58992972770178,3.58870035205894,3.64498263225848,3.6318717901454,3.49080614411979,3.6318717901454,1.86560257169189,1.8504615377649,3.32314454634921,3.15070291648867,3.14305258098444,2.81246188548429,3.25497377795545,3.23735355586915,3.13117793194588,2.92125360135396,1.50700896025919,1.58362228471208,0.769283931430402,0.650253669661488,1.49444224548006,1.33837279422923,0.769283931430402,0.620740231234886,3.75971422197842,3.76018428030351,3.56371258570206,3.55501819739036,3.59231910542294,3.57645617877173,3.44755186770415,3.45061414387713,1.80621926631188,1.7870868037105
"s114",3.54376415610626,3.53580011636758,3.34925928311165,3.34262989176616,3.53637279846369,3.53024652876432,3.3702782178528,3.53024652876432,1.98962647157647,1.9642170330599,2.95941691925996,2.73604677434426,2.77918220131774,2.29885911734618,2.93865629935552,2.56173652381716,2.74840048978977,2.57355403509383,2.00375726056817,2.00163528509507,1.45750530574007,1.41171657106529,1.97474150388478,1.74328042042968,1.45750530574007,1.28716979804606,3.50977029370818,3.50460584427863,3.32083768802989,3.31358018274326,3.47771419674717,3.48257975069725,3.3217095576909,3.31782227031896,1.9369494989824,1.94411254229754
"s115",2.71220370862663,2.69926309802488,2.546448562481,2.54684417543248,3.31962553977828,3.32115493815014,3.14230205710012,3.32115493815014,1.96799663686732,1.94854568283057,2.93164246398499,2.7792606912625,2.71511743529807,2.63869785236656,2.87198985208414,2.5394590420896,2.70327674120662,2.59353759578317,1.72777288328958,1.70510180427816,1.10684849732439,0.974152362482857,1.70563630807354,1.69322595680928,1.08901370581753,0.949556108235239,2.68587851556914,2.68596521476716,2.52546765558432,2.53648308467281,3.26197653786185,3.24856781520566,3.09505860424967,3.08684171196583,1.91308881948241,1.90030928253398
"s116",3.57036597288027,3.5734898625156,3.35731060712634,3.35432722379236,3.61670016739088,3.60796113855102,3.43061877236145,3.60796113855102,2.01570634327746,1.98798407288734,2.79519877119911,2.55054461729072,2.64332830467281,2.49877576746058,2.78300566851433,2.52744028494633,2.64332830467281,2.66215761773064,1.7440302465948,1.63212981792809,1.07614745684085,1.02274965510174,1.72467589303509,1.56545130725636,1.07614745684085,1.09432277337424,3.53251632322246,3.52994769790569,3.32732107009775,3.31849666345774,3.55167968152496,3.53879456223926,3.37898870412241,3.36167863490761,1.95682265295797,1.96393738497321
"s117",3.27150714789465,3.270279236272,3.21235640458866,3.2072272202032,3.18829436312051,3.17558130074302,2.97151953343083,3.17558130074302,1.98555840222092,1.95730286521219,2.79764767836884,2.46046793285691,2.60355977231576,2.22597535863901,2.77179165460405,2.40815468167582,2.58206360396947,2.22821523960023,1.79229689881831,1.75754724774191,1.07189622237484,1.06641333010751,1.78252453211857,1.6827183652866,1.07189622237484,0.871542031613996,3.23674867530283,3.22860766504315,3.18011917490662,3.17364653654656,3.12021989046816,3.1035548170898,2.91558878254642,2.91953959660049,1.91825816939532,1.89859748063249
"s118",3.37933819636635,3.37535995180835,3.17616768901258,3.17359228910012,3.47885059923012,3.48072493524297,3.30910550904941,3.48072493524297,1.99273197483504,2.0086123920283,2.82106194602762,2.39002702787681,2.61405415284512,2.43610251837326,2.78469141901016,2.67581346606609,2.54321725239069,2.32093390707915,1.85726542972721,1.68662806294607,1.083173726307,1.06299448308423,1.83044271379693,1.622642154335,1.083173726307,1.03866814050054,3.34990489769809,3.34473058772807,3.15319151535138,3.15631894675878,3.42466350801373,3.42843162630062,3.26758146277738,3.26698765828251,1.94567247222697,1.9334795468699
"s120",3.87780578680415,3.86065378543244,3.66663014925528,3.66479322664898,3.82008098362197,3.81884575657154,3.64407624036081,3.81884575657154,1.93258726199784,1.94794192703618,3.08405053776436,2.82583076419705,2.90841129507832,2.6417584254329,3.06358142352479,2.8688874657149,2.8833297173113,2.6882964284429,1.75511853472958,1.77845633897371,0.983908170595642,0.939181233305763,1.73033685725173,1.67041069218877,0.983908170595642,0.764514336547565,3.83739924362557,3.83816262852582,3.63416479443572,3.6321892302803,3.75334060698233,3.74648037298889,3.59115723470357,3.58622800606053,1.86906563009197,1.84546832337629
"s121",3.52552048775089,3.51182463538132,3.32760221129452,3.3276949244431,3.36093822510313,3.34808886374762,3.20905517229283,3.34808886374762,2.02275120360011,2.00281525426376,3.03756104265692,2.71461519277353,2.88464563516157,2.47901040072236,3.03756104265692,2.50546478053819,2.88464563516157,2.40610701190814,1.53705134143785,1.41918543496636,0.878428675446851,1.04770990465237,1.53705134143785,1.46443391401113,0.878428675446851,0.840861200655006,3.5013419262157,3.50764737364093,3.30827801443691,3.30816928547332,3.31857882915786,3.31776293696955,3.17643338007486,3.17788397199309,1.96764084022117,1.9526595034213
"s122",3.55297512814226,3.54825970162005,3.3535094786379,3.34962701700183,3.30884150631215,3.29449033705724,3.17571926912139,3.29449033705724,1.92657448993497,1.92005670515203,2.86646818516685,2.66150124036128,2.72137966555814,2.53433674827488,2.86646818516685,2.44317791957581,2.69400671892543,2.57634436219867,1.64481783481707,1.63910029799468,0.883659013826625,0.86851978659009,1.60019399261212,1.59420464285176,0.855892147600758,0.728549454957655,3.52981935929654,3.52464343848923,3.33390921112606,3.33282627052374,3.26804971160962,3.27775482063856,3.14337025470712,3.14657663408965,1.87337760083427,1.85846343610299
"s123",3.40292085775722,3.39968878512338,3.26532543500918,3.26034742467548,3.20911893354702,3.19700368724897,3.12160854776963,3.19700368724897,1.82411805705881,1.81857807735149,2.76418923333552,2.25295707666107,2.63459707842831,2.33049914237164,2.69975711400188,2.61465902743811,2.63459707842831,2.3223900817285,1.17035899099143,1.13700353755857,0.580454547597839,0.48551873931927,1.12626957490311,1.157073035783,0.580454547597839,0.573187032647136,3.38673072833412,3.37931911080348,3.25148306067577,3.25358600275969,3.17995605421726,3.16780744023081,3.09683189352901,3.09418443238154,1.77075242099818,1.72440829957621
"s124",3.42146108714965,3.41284670559864,3.22985296721744,3.2280648580813,3.43663765004791,3.44128695514648,3.28646475067237,3.44128695514648,2.02362437191438,2.04178588719338,3.05008518692208,2.90052420533721,2.94599439056034,2.73910666757967,2.98411400801544,2.82559776093528,2.92633371198276,2.74651354432297,1.59970032368376,1.41738686810762,0.969718904046554,1.03131407484802,1.58277191143726,1.42950089048821,0.969718904046554,0.690259548812171,3.39926482486104,3.40484729100649,3.2110039150642,3.21017844805317,3.39433122574776,3.38521223919019,3.2520740709959,3.23883433349862,1.97098985276854,1.96865799125943
"s125",2.47274619216089,2.47046985629694,2.31721347291595,2.30705135967349,2.16788921975843,2.16795538180497,2.0816622806748,2.16795538180497,2.07869128481631,2.04143361310853,2.88148065051779,2.81918208880378,2.80332223085104,2.63805686808997,2.8501460242173,2.70047777780795,2.77024497412113,2.51342503100178,1.73436832884721,1.49339401065248,1.04901714905539,1.185757674926,1.61696051078168,1.66893611727932,1.00511533895745,0.838617585402166,2.46094373454423,2.46219059820965,2.30744293052134,2.31042259225664,2.14609465400439,2.13822329511628,2.06376258241591,2.06828957746952,2.0165127432842,1.96368338110121
"s126",1.61115114192614,1.61846195821348,1.48972750317635,1.47673922571451,3.61015852550759,3.61714383141494,3.47478002922013,3.61714383141494,1.86687101642637,1.83956358702176,3.10374409277093,2.8624943230373,2.92998359535473,2.8776536280779,3.07565122316528,2.95235003765063,2.89865760594404,2.70701661761117,1.49512616022845,1.52583034501621,0.766513863600788,0.844855382954782,1.4562467114918,1.3699919050617,0.766513863600788,0.622937792409922,1.60062885157203,1.59555806278618,1.48178869091998,1.48802650607085,3.5682438788607,3.56032167563988,3.44203076680362,3.44192554192583,1.81734797893976,1.8057937215511
"s127",2.81662831205823,2.81724343472892,2.64736452690542,2.6523926106093,2.92704021896731,2.92961080619241,2.8005545337383,2.92961080619241,1.98707121727945,1.96853307031033,2.91715229638295,2.85644434136642,2.7497837536795,2.50815552493689,2.91715229638295,2.60597491882878,2.7497837536795,2.75072984769127,1.54586597378066,1.65936743482976,0.672352605699554,0.827114454009996,1.4887667422727,1.57154059926709,0.672352605699554,0.494210159098289,2.79685229833845,2.79988890909061,2.63252119076325,2.63415900349303,2.88949162602042,2.87963286779702,2.77252076169184,2.76069541333452,1.92606684124376,1.9100426583952
"s128",3.65949391341132,3.6564859463239,3.48499333763697,3.48672539145415,3.50573953065032,3.50320750521312,3.37189135207628,3.50320750521312,1.95067410469669,1.93584521110795,2.90237863071019,2.42829118601243,2.79690175715781,2.39465329923551,2.90237863071019,2.59930011420289,2.79690175715781,2.51902026216312,1.60206797710771,1.55579788044515,0.943532540530049,1.14421503929789,1.55386768084516,1.59789579219257,0.926218181042759,0.77385706212488,3.63491473102431,3.63733897983213,3.46458664885009,3.46939995463278,3.46337337020605,3.46536533812029,3.33741466666285,3.33475750478388,1.89829707214046,1.86910212041773
"s129",2.56870241546067,2.57607199305109,2.35657396070176,2.35425479086578,3.75175324263018,3.7589375497349,3.55829560410579,3.7589375497349,1.99602572656754,2.01277691526647,3.04185067041416,2.76357059275988,2.8550227403091,2.53920440288273,3.00830030537185,2.70771813866489,2.82515939381173,2.48222881458293,1.66939166476987,1.63503622935661,0.942133729165661,0.675626725703765,1.66939166476987,1.71015916702962,0.942133729165661,0.976490316341807,2.54442831879361,2.54674868805004,2.33871221166709,2.3409347443249,3.69311445233817,3.68562704899381,3.51403581262433,3.51943792885075,1.93509742850295,1.96547166904565
"s130",3.35245387070121,3.34880834765796,3.15312964926946,3.15156505089808,3.36528816977642,3.36275424977343,3.22677804808323,3.36275424977343,2.08155396766221,2.07847761913061,3.25511719226597,2.99144649774689,3.10171668384182,2.9067759168123,3.23183541147782,2.93608666519157,3.00956470487328,2.85698115389022,1.35380838212687,1.36061644742499,0.646475583332414,0.585304097143943,1.35380838212687,1.17822556077294,0.646475583332414,0.330065644092378,3.33402966767954,3.32868682148774,3.13833236159044,3.13684003605895,3.33258239383238,3.32633453450446,3.20158126943734,3.20565747459421,2.02733503341178,2.02467831558891
"s131",3.33425171723631,3.32799515482979,3.12978828641268,3.12799799287857,3.3080911423184,3.29548038004639,3.16348195582497,3.29548038004639,1.98746423631016,1.98944898795351,3.01029943775268,2.84393001097098,2.78330702816876,2.61761046873911,2.98081838597133,2.90880983446511,2.78330702816876,2.6045003091507,1.47668133826482,1.34245617404225,0.667492424720724,0.642553395146246,1.46082114892877,1.17048557063155,0.667492424720724,0.581577698238505,3.31240197569781,3.31752765355855,3.11282934535068,3.10463492067337,3.26722656536804,3.25437019533139,3.13293195829444,3.12624547666346,1.93610939765974,1.9100802146905
"s132",3.30526041127519,3.30734576848515,3.13663042440075,3.12593834451475,2.99140544066678,2.98287999833582,2.8599907984129,2.98287999833582,1.89945495983606,1.92606859416072,3.07578886826795,2.87540235252955,2.86533661557799,2.39695405499733,3.07578886826795,2.83144886017187,2.83823345658702,2.55139657099384,1.60183061974508,1.62300619702028,0.929168152984523,0.848424650353911,1.54641350092869,1.52197728305653,0.905206927222719,0.673551444991834,3.28599232425813,3.30136155808978,3.12141062503948,3.11623089614967,2.95654963264543,2.94972404581252,2.83301352427585,2.8195468132555,1.85173213834904,1.87353930090844
"s133",1.07643686961093,1.07375884823077,0.990671506192951,1.00222842556072,3.34150329344778,3.32612408591413,3.25340020787173,3.32612408591413,1.58570137436203,1.58910982701846,2.95004321455672,2.56342834685647,2.75303700089062,2.52736810354079,2.93044879122779,2.50076426815854,2.73449412943662,2.31425146597978,1.34823295609849,1.42434931057222,0.746358603482284,0.875144178252987,1.30311541151609,0.922969907274588,0.746358603482284,0.588415827694092,1.07111063031775,1.06898595715561,0.98626767823532,0.996769375978233,3.30827545362613,3.30952127762995,3.22587805426682,3.22542000188499,1.53461990887533,1.52218390390338
"s134",3.47216946563725,3.47394348748506,3.29548799801143,3.28919553604499,3.43068910004964,3.4401489527649,3.28715400719106,3.4401489527649,1.90363838971956,1.91152110966497,2.98709857902659,2.66557367102131,2.82588538022951,2.6134728449517,2.93587212155912,2.58338387596697,2.81373033673986,2.28652349579045,1.49956293748781,1.31282183702527,0.845347691221972,0.454425938696588,1.44438931579681,1.47012684091887,0.845347691221972,0.833910498668571,3.44921916670808,3.44813676621745,3.27655182484242,3.27944309231383,3.39017667221135,3.38012454739884,3.25361206634365,3.24837485701805,1.84892491746931,1.84323365759509
"s135",3.46224021100677,3.44795053087983,3.27243542529199,3.27215657290124,3.51757540641343,3.5272720806025,3.36461967389059,3.5272720806025,1.97090330676095,1.97083357255374,2.89160503282742,2.7886985791763,2.70986842406087,2.18042838253979,2.8713393323407,2.61813255004635,2.6873685186112,2.66694798476606,1.86935710647634,1.86403042894733,1.24383857957794,1.21409672462032,1.81392328041986,1.81498186942925,1.24383857957794,1.1889063194015,3.43237126605517,3.42840643591948,3.24822355290747,3.2448147485701,3.46449606572956,3.47754925270539,3.32175115930809,3.31542100563964,1.92422660557544,1.89270822994929
"s136",3.56759095060359,3.56141747458875,3.39925778864969,3.40083532995753,3.47635185537844,3.46544305204876,3.37593743483099,3.46544305204876,1.81653142844441,1.77966822020844,3.13959275392125,2.97013671460231,2.9903807253076,2.82573460263073,3.12298610183936,2.8222798220077,2.93414560767042,2.80821942349396,1.7638410356985,1.55459060961514,1.24554080943045,1.18269306247313,1.72383213667995,1.66237672318988,1.24554080943045,1.36248620061345,3.54819146635423,3.54438780035922,3.38254373209239,3.38593189388259,3.44047426788646,3.43736734921065,3.34760276853618,3.35611485391567,1.77868893013927,1.76964327797488
"s137",3.68387848979824,3.68028093239656,3.48994398478754,3.48767985898752,3.64153719624453,3.64242940028148,3.50135192067139,3.64242940028148,1.93089076013336,1.90794228744534,2.74618470845992,2.47287803819523,2.51260657562962,2.22780850093141,2.72182576032669,2.23420839747739,2.47075138688812,2.35614424599669,1.97916345631462,2.06411239026413,1.31835420901923,1.01906889383904,1.93060342829556,1.68887875846117,1.31835420901923,1.16250380966702,3.65681925720109,3.64838297186744,3.46778244545708,3.45466936062593,3.59420432936523,3.59010984743222,3.46427068762922,3.46418187098634,1.88270991892856,1.85833108711619
"s138",3.21486980151235,3.21271086299915,3.44860671106542,3.44109418823627,3.35446755406548,3.35209547034385,3.18063292967449,3.35209547034385,1.43738460147703,1.43562493032923,2.94771337603619,2.92293986150196,2.70572654662513,2.45314885919953,2.9019484350854,2.66067259031895,2.68187702909423,2.70467165215183,1.65009522451485,1.6108300093749,0.9853435839927,0.935169212130751,1.5777856184421,1.49182221833439,0.9853435839927,0.948360688543518,3.19071817251726,3.17765632087939,3.42430056934851,3.42183136820702,3.30154571398368,3.30776049559863,3.14009539886484,3.13848354093885,1.38652029770261,1.37143726682423
"s139",3.51360322663243,3.51135645625435,3.35724892748632,3.35886664095387,3.46272035154346,3.45196804405139,3.35410441144949,3.45196804405139,1.81487600518181,1.79292779708569,2.92985668578941,2.49880632947837,2.760319915549,2.66126351131434,2.89593352910272,2.37241881466516,2.74802047488967,2.8462575627882,1.64226680490544,1.67089964175094,1.01028672309654,0.878716665836923,1.62267969068478,1.57270756638003,1.01028672309654,0.992645299238382,3.49392188167521,3.48715058010266,3.34105051032009,3.34213151819055,3.4291646259834,3.43334815996976,3.32694478064999,3.32111530961239,1.77211355617597,1.79732801265967
"s140",3.19697909142802,3.20144430750863,3.07097686915875,3.05423107166661,2.95140364727862,2.95586210188863,2.88890932316265,2.95586210188863,1.63867186204615,1.64276499408342,2.89860699856666,2.59547774065146,2.78710341178594,2.60523609640836,2.87793165544736,2.72959414316249,2.78710341178594,2.4025002930684,1.57286215543666,1.55412067936952,0.835083574461981,0.676410167041109,1.52440717584892,1.57511121685133,0.835083574461981,0.652129153768261,3.18661566655631,3.18862211213922,3.06262691122703,3.0641786561939,2.93287041176669,2.93761294008589,2.87425007595822,2.8706510457426,1.60800249171513,1.61872812558709
"s141",3.51646726859026,3.51921950596428,3.35118221321409,3.3496806931947,3.53203295997049,3.53480646500458,3.42047635965213,3.53480646500458,1.79156219499908,1.75849849078184,2.94168860250018,2.700716879553,2.80979317119511,2.386345241466,2.90845750795816,2.57231876502736,2.79872105423808,2.62842326301134,1.50018355944633,1.52231094129257,0.914150120441075,0.743447197255201,1.4476331303873,1.29350592174422,0.914150120441075,0.603607240078088,3.49384990814515,3.49520557260655,3.33155664713454,3.3281943365793,3.49250578829223,3.48314715003658,3.38652845196782,3.3850820876512,1.74391112626334,1.75058048180921
"s142",3.0002402375856,2.99000047922567,2.85633554457972,2.85241930599302,3.2640068926966,3.25958039604847,3.14007967965788,3.25958039604847,1.91749241716566,1.94372188291022,3.00886710033968,2.58236319365493,2.81811349490913,2.57986893493114,2.95550579533063,2.91366901601942,2.81811349490913,2.47796439048289,1.46132855467695,1.57106645691212,0.465765163392152,0.30637931138637,1.42064144551109,1.42256331849098,0.465765163392152,0.404861355166658,2.98084232732645,2.97893088759683,2.84214486490296,2.84120109769312,3.22257093276939,3.21542606047828,3.10934276722212,3.10675610463064,1.86537985542304,1.89277718262772
"s143",3.53564737046072,3.53877191805643,3.37248558132694,3.36754524106926,3.68585385182278,3.66381125184471,3.54479499284077,3.66381125184471,1.89879313460472,1.8637797182828,3.11705298626753,2.86795381897626,2.91937160698186,2.69633527370181,3.10205421491191,2.90424892456931,2.88456131738885,2.70743228242553,1.94396978906818,1.79202427236594,1.42965391766678,1.34670901879256,1.87803289474923,1.83968323958966,1.3965690562991,1.35734471934795,3.51579344906728,3.50425757918683,3.35639220338406,3.35591869034343,3.64672432671792,3.64810122055687,3.5126380285515,3.50770596416332,1.85615282466651,1.83484942962305
"s144",3.81350963820238,3.81498599973831,3.62094995034621,3.61267973681066,3.78817338642869,3.78181485587596,3.62485212418186,3.78181485587596,2.00006304044795,1.99175588961225,3.26752482054311,3.01662889529466,3.05968821119085,2.94397892525974,3.22799217186206,3.00022876771734,3.02642292830608,2.74831150455782,1.53374987629406,1.42748046676515,0.882895473950208,0.715676904515535,1.53374987629406,1.43861237737529,0.882895473950208,0.677670220626866,3.78304493024547,3.77534355144943,3.59722521931233,3.5947035095742,3.73684754290757,3.72235464636861,3.58601963836429,3.58644768015954,1.94247276502849,1.95907032165088
"s145",3.37703522441936,3.36551752747703,3.22262710889048,3.22398059788198,3.3517360117922,3.33989639416454,3.2546302106276,3.33989639416454,1.71404371903727,1.72985280114066,2.9393423675155,2.8507286363661,2.77085325450458,2.69883095916004,2.9393423675155,2.7554952971808,2.77085325450458,2.31709557399735,1.67961598181437,1.71513079340264,0.990541570545235,0.928986364864435,1.63702541930872,1.62347940506935,0.990541570545235,1.0042470484495,3.35814593581702,3.35847499173805,3.20680599772085,3.19587808338452,3.31899470561341,3.31071120933289,3.227795105527,3.22822040802861,1.67471988247502,1.66980996914324
"s146",2.08140498460911,2.07159593373296,1.9017938434645,1.90768917511454,3.58082154603855,3.57992355942266,3.43397485232319,3.57992355942266,1.98385790612809,1.9840974017185,2.85957201341282,2.81354024969855,2.68783245128399,2.69892125993341,2.85957201341282,2.50739605784863,2.67075024199132,2.56151534838693,1.82542618244378,1.72535395548242,1.21582641696171,1.24332355807513,1.81016484125628,1.59569994869462,1.19165829723585,1.19683672026147,2.065388839487,2.05766217120471,1.88878884040553,1.89016750949415,3.53192314719157,3.52132594554507,3.39431607379883,3.39292246173302,1.93386834178873,1.90475173231665
"s147",3.62894078413411,3.63683039922817,3.45866178217054,3.45425031561272,3.62966265675458,3.63118279719892,3.53172525113899,3.63118279719892,1.94164064841379,1.92109940905552,3.20908089520656,3.01693690178424,3.03533590266121,2.73924749510839,3.19302106997368,3.06728595825413,2.98149644802512,2.85654227419512,1.26574003740505,1.06705419584894,0.690164801329221,0.636794496254313,1.22656504950028,0.99032398720167,0.690164801329221,0.538732462416069,3.61040310722246,3.60925401837636,3.44282299050464,3.44250183611936,3.59701672574742,3.59201083019485,3.5053577260537,3.50201097337485,1.8962142729991,1.87788551714664
"s148",3.52882500773474,3.52998064060641,3.35739470502648,3.35195237040752,3.50646937013873,3.50052171076568,3.37611852635552,3.50052171076568,1.86115679712108,1.84505911144492,2.76976917210421,2.35597317333157,2.55946676632909,2.41139018511197,2.7450462151889,2.58477563685856,2.52590632432715,2.56605368651884,1.83120553935165,1.80807689619751,1.11733799795012,0.775454491977566,1.80512853879933,1.66396597796189,1.11733799795012,1.25403807186197,3.50330890047746,3.51077773395309,3.33584959527833,3.33315026410264,3.4601659665644,3.45598548853048,3.33938621247961,3.34232037787638,1.81806571818018,1.81911125983669
"s149",3.71129450731612,3.7090203199666,3.50278008965614,3.51433455377379,3.59752471015805,3.59642415839194,3.41873942428151,3.59642415839194,2.06575269860739,2.08381486734734,3.03038937336989,2.88263276634285,2.81164969656311,2.72382641445524,3.03038937336989,2.57208125661301,2.81164969656311,2.35049164503917,1.6483227940835,1.84514878114983,1.07748188343724,1.09718497485447,1.63504276073932,1.4754261631571,1.05562655668056,1.04976568586415,3.68149589362543,3.679173557858,3.47867516258377,3.47013909311876,3.54579929696242,3.54683062510299,3.37856009831555,3.37263953247478,2.0061881929011,2.02210257738614
"s150",3.6512389864205,3.64639142225096,3.46254796110727,3.45832825832645,3.6277093997211,3.61156285939069,3.47937433121246,3.61156285939069,1.96402826119465,1.92215011487346,3.06408932765341,2.76889032506892,2.894252476139,2.71693444918015,3.01798578750188,2.7273652859146,2.894252476139,2.67660472070664,1.48504453213733,1.51972617257332,0.799041321607603,0.812544764698454,1.44847009652768,1.48477240791108,0.756561770629131,0.627644879143517,3.62400291488019,3.61912582880384,3.44032623606355,3.42645882342473,3.58147156238261,3.57129225531594,3.44210291141702,3.43712392860624,1.90145126700238,1.92424378015484
"s151",3.03694930104658,3.03744754761897,3.28887849228278,3.2865839461132,3.34856887916192,3.35155920853607,3.16756407116842,3.35155920853607,2.00860724954864,2.01698231648422,2.59908411374096,2.17209000064807,2.33478334150514,2.17779122809343,2.59908411374096,2.42964768950223,2.31149315390487,2.22032889186667,1.77972427023303,1.74836800530391,1.02886462821875,0.979295995719096,1.73657420494931,1.61545606408224,1.02886462821875,1.0027449740394,3.01036777432136,3.01833661052902,3.26407479202821,3.26218564177481,3.2911527618028,3.29247422376244,3.12442540940046,3.12175799234905,1.94718357015586,1.92075827112116
"s152",3.40047073026122,3.39876238215586,3.23934863766307,3.23205449841656,3.372282099258,3.36449793330981,3.24744145063192,3.36449793330981,1.68425680671734,1.66740127441998,2.91108145957045,2.68021161440795,2.73846753775472,2.34069152536733,2.86595080345665,2.82819222279365,2.72071967299147,2.33411679674099,1.58280548796168,1.3125213947626,0.919743678399938,0.827548551064672,1.56041758205779,1.41578628529314,0.919743678399938,0.972295561035602,3.3808796064358,3.38654575437507,3.22167092397883,3.22115293536238,3.33576518839517,3.32719770734611,3.21672326981633,3.22429020229209,1.64149393586314,1.65332081148378
"s153",3.42139581967102,3.41581888525657,3.25089223242618,3.25475892653177,3.3712204913891,3.36430705659179,3.2788348801749,3.36430705659179,1.71579373475556,1.70522871311921,2.68523365701232,2.46237357811265,2.5079160830772,2.34858117471151,2.65780054230073,2.52404718569372,2.48272309575988,2.59307252915114,1.62249556238938,1.62566764231496,1.07907951989026,0.977942547372905,1.60800097262167,1.42172115166258,1.05792246751973,0.952844679174132,3.40603355893322,3.40974981200857,3.23725946917247,3.2367227394389,3.34206742343797,3.33305424903182,3.25479592842904,3.25584218422846,1.67681027479259,1.69250244672529
"s154",3.75326637802578,3.75009414054188,3.56327849676183,3.55923604000419,3.77787763770903,3.76734032268614,3.63364228853526,3.76734032268614,2.06266439868053,2.04672314235786,2.83435020076037,2.72555133244912,2.68035675512562,2.23181084573003,2.80553367943137,2.54202649761288,2.66999223543966,2.41991812170302,1.6342313940921,1.49833130557541,0.982745707713305,0.740772597752311,1.58453262232362,1.46657513718785,0.982745707713305,0.903986736642742,3.72279391495012,3.72513695925924,3.53778119383266,3.5435776740429,3.72682189906244,3.71964289321622,3.59137046637663,3.58719003895183,2.00829514163537,2.02972116547271
"s155",3.48066874944071,3.47030556630008,3.36423474184172,3.36174034666662,3.41324201092346,3.40794648036646,3.28858252050508,3.40794648036646,1.82413871219562,1.81209656093078,2.96259256406457,2.66127725972267,2.74811784316934,2.46361666568469,2.91713521621124,2.4843668399738,2.7104096088534,2.52204009872477,1.57806776000907,1.41355670978592,0.782594132907372,0.601731040332805,1.57806776000907,1.55425282373491,0.782594132907372,0.703934049035359,3.46161286012402,3.46049241241995,3.3481999334499,3.34950834816323,3.37503325670291,3.37086998577519,3.2595226042387,3.25378246472483,1.78034417591028,1.75045602687165
"s156",3.74465590930685,3.74315948994863,3.54603750009212,3.54195527096801,3.71534348641371,3.70686337356085,3.54954008810485,3.70686337356085,1.88870602304903,1.89859767810235,3.12799810725979,2.84540634627042,2.90958798270563,2.65440389262787,3.09908617941214,2.85916603828358,2.88427117975584,2.7819988857507,1.8771943527405,1.81933561669666,1.07524293487129,0.903031336671982,1.83662792788283,1.74225505822107,1.07524293487129,0.900362747177096,3.71449445615532,3.71891019771736,3.52266324832162,3.52404474683778,3.66493216980176,3.66432525440721,3.51088798226831,3.50811752667247,1.82993917284501,1.82190302330871
"s157",3.54115689256573,3.54110575131333,3.39468782552508,3.398511963501,3.43898921458542,3.4310011326035,3.31703425514533,3.4310011326035,1.98687055778033,1.97688810060344,3.06238301047551,2.78640414877551,2.90355650808391,2.82361530516952,3.02672326885231,2.91237709536882,2.88362892458509,2.45045674866032,1.83738670618252,1.73415784122433,1.41397201249707,1.20983253560294,1.77050964736773,1.78996335981554,1.41397201249707,1.12508728883777,3.51918321663274,3.51854358916551,3.37496187990908,3.38024306568126,3.3988186133332,3.39702750258161,3.28337701798899,3.26625845287698,1.93594554159218,1.91806605546735
"s158",3.11039133851405,3.11118768102518,2.99398094174,2.99717797806811,3.12801419316207,3.12656584599669,3.05375054466559,3.12656584599669,1.6636308111962,1.66864363163668,2.87775357758694,2.92843227909082,2.68144428168133,2.55546211001516,2.86236075053247,2.60030115262854,2.66403774241433,2.63214619848083,1.51401813768823,1.49392393152959,0.873901309072891,0.968163963150345,1.43344490303173,1.24170042481323,0.847928215433347,0.940247386416113,3.09691272935254,3.08966660280528,2.98280040504458,2.98016689706914,3.10144160216196,3.09580892804461,3.03192939753239,3.02089421699181,1.62044241648437,1.59924551897511
"s159",3.26930550872392,3.26384196886754,3.11533391459025,3.11366086109052,2.8845226272173,2.87848148476348,2.82520539146704,2.87848148476348,1.3148422656265,1.31380342912338,2.77529645653515,2.51013674260689,2.59868755632497,2.46576479944465,2.75644232210951,2.6338932046016,2.59868755632497,2.29001298832031,1.44635656167597,1.42995279667791,0.679793564048347,0.668540329603806,1.36201576477471,1.24880209875554,0.679793564048347,0.780953312116238,3.25837852587851,3.25679920162657,3.10589065180955,3.10447623676662,2.86286241150972,2.85198792531218,2.80795469691741,2.8055308481767,1.28773416101471,1.28004620159484
"s160",3.52956687015043,3.52603990229233,3.35113872737524,3.34652518444641,3.50226985729701,3.49339046338744,3.4036476892578,3.49339046338744,1.80199154351017,1.79146353172757,3.05052354516352,2.6039655036572,2.94903417492542,2.57485464676063,2.98105566741077,2.8402815188769,2.92155956962083,2.5964161816057,1.56210197572813,1.28974565766496,0.977958197440572,1.00173553755376,1.53918162405098,1.62272383840907,0.977958197440572,1.054518009156,3.50946334842336,3.51483940465335,3.33323635166764,3.32970108242094,3.46624913887887,3.45707512001331,3.37336154799,3.36788997779544,1.75468385312814,1.75792520017101
"s161",3.29246210006014,3.28122188293554,3.09614724702307,3.09645704418128,3.23482582349364,3.23286582644076,3.10998451672745,3.23286582644076,2.00104986589333,1.95435784861509,3.09528808621719,2.80622581003427,2.93709579113066,2.87011875917804,3.06864972864307,2.96945490384797,2.90197832022082,2.35685921672892,1.5288979632143,1.39906718312157,0.854268931712318,0.649872744944123,1.51802458311407,1.46089940091148,0.854268931712318,0.752911804293714,3.26690517583687,3.26499317006941,3.07420746157577,3.0791468148313,3.18962154424792,3.17930622625654,3.07279251292007,3.09362764600219,1.93626742950987,1.92613744985028
"s162",3.41588945788928,3.41382501253824,3.26265291347578,3.25626245372967,3.31292821663188,3.30528856218873,3.22498717891967,3.30528856218873,1.53264823004989,1.5533280082643,3.08123178702627,2.83372432857824,2.90978399252082,2.75650635860812,3.08123178702627,2.85249852307718,2.88676725511126,2.77744178127024,1.57859502355714,1.52560823033824,1.06112819990089,0.938987039480366,1.57859502355714,1.45616156584991,1.06112819990089,1.14938426168649,3.40291425699343,3.39719984825852,3.25142886900268,3.25200179536067,3.28603394359292,3.28538795032078,3.20359445041102,3.20047091693732,1.5024209571069,1.49574054279897
"s163",1.77246741606165,1.77270666366268,1.69472703667604,1.69856655706287,2.89945440903564,2.89684356951745,2.78579558260797,2.89684356951745,1.86683791429288,1.84974508712399,3.13749036974207,2.94377730747462,2.98237557307441,2.70175938660998,3.10335113692568,2.91448516789914,2.94527856743293,2.67833624154019,1.50567991068095,1.63501321179519,0.572179424827549,0.432975922961573,1.4760093780202,1.41618685116181,0.572179424827549,0.472718445219884,1.76235389378186,1.75920730772981,1.68772270904009,1.69817675909747,2.86453012807791,2.8705777941257,2.76098967293955,2.76905324810556,1.8180748662656,1.83252000590086
"s164",1.48207999315196,1.47751740890508,1.34864423319495,1.34933200876655,3.25888860693192,3.24563646655398,3.16293891280288,3.24563646655398,1.58890408998334,1.57984094975051,3.03523294583156,2.48319708844843,2.89455692846424,2.87784469104412,3.01741484012318,2.85795004319455,2.87522276221148,2.57000158188149,1.79559371160132,1.66288289507983,1.02936038279093,0.941733842782638,1.75884102670227,1.56524302694341,1.02936038279093,0.900305292133578,1.47740052674893,1.46665684407383,1.34504936283375,1.34571158018286,3.23554149897701,3.23041318041427,3.14501599748444,3.13782218275889,1.55652406413074,1.5679103917554
"s165",3.77052902600071,3.76779386592773,3.57904558885169,3.57869226614466,3.67673803140127,3.68168316246498,3.53157950181006,3.68168316246498,2.0213517409235,2.05950684533175,2.93730145259907,2.70015990929935,2.76197306854153,2.50392930697736,2.8786356805622,2.74418207016599,2.71932418259098,2.60486691582139,1.68422290056999,1.55550690361857,1.16054455624568,1.18277090509437,1.64965773493142,1.57488729385581,1.16054455624568,0.970696799419912,3.7432651441888,3.74966619486391,3.55567240855991,3.55483115536207,3.63070865750838,3.62434494159143,3.4930138050115,3.4933172943517,1.96264285607985,1.96886069244365
"s166",1.85604266598052,1.84226433042437,1.74795906206434,1.7364976551377,1.11973036595544,1.12176108252445,1.05779687138266,1.12176108252445,1.93063359708298,1.91190636881437,2.94270825085888,2.63187634311847,2.71983266390957,2.40943582854838,2.87601306846468,2.75489128198769,2.68201251297747,2.8816110461283,1.74811675297761,1.70128379707439,1.1710247089679,1.23392750276875,1.7184052210731,1.70766754996273,1.1710247089679,1.1378157669101,1.84476838655852,1.83890479028813,1.73899160452348,1.73091872493992,1.10344777271987,1.08526239543878,1.0449301520534,1.02655000050184,1.88362656307031,1.86455468387118
"s167",3.60108654606066,3.60312992100976,3.40593110488662,3.4060010697472,3.51380043392618,3.51078180247024,3.37620361085068,3.51078180247024,1.91066393268156,1.901693954974,2.80794593155754,2.71217939494111,2.61235490905726,2.44581918752049,2.75772466906545,2.51625199291383,2.61235490905726,2.51135852049453,1.82455973808379,1.68831208939696,1.24462481326917,1.14098830652041,1.77785544615589,1.68012301820318,1.24462481326917,1.44805332950888,3.57601734731962,3.57488330593107,3.38486514805153,3.37810533994319,3.46918088334982,3.47028731726425,3.33928136145377,3.32673050633846,1.85995909185282,1.83783621934984
"s168",3.75582670747611,3.7568458562034,3.56783115047954,3.5726048840382,3.6612224492046,3.64340848476704,3.52459154047987,3.64340848476704,1.87321510064439,1.84588863114655,2.98057161168841,2.76167276365988,2.70825482292373,2.39517832001768,2.9676152866246,2.90489037961567,2.65497414281437,2.56170598330959,1.67582345775141,1.49341682529046,1.04617396856238,1.0810090350171,1.63767986226059,1.47981720306521,1.04617396856238,0.956036491082595,3.73352342599742,3.74067686823289,3.5507580352047,3.54853655384471,3.62240646659828,3.62265448293453,3.49610552094486,3.50196473833977,1.83270958481687,1.86168868924609
"s169",3.64270388226127,3.63720103442808,3.42324683163497,3.42525824929714,3.60884451462804,3.60775753282228,3.44633842677661,3.60775753282228,1.82504701348555,1.80302319290714,3.09726178893529,2.55976161975689,2.88609449160032,2.50211303628029,3.0660367171887,2.81540358901518,2.87423233467233,2.65229995648032,1.87861349895603,1.87311180597801,1.2129223454776,1.31371322446325,1.83747811492986,1.8537057335166,1.2129223454776,1.21172094329812,3.62034591747077,3.61136030063965,3.40499061517391,3.39974784210426,3.56996293552155,3.56507103441237,3.41471803589953,3.40439238924944,1.77822711776086,1.77235551001536
"s170",3.47218874557346,3.48295814266743,3.29745862265242,3.29835143377499,3.34995087448675,3.33893404336054,3.22923572595563,3.33893404336054,1.94253363658478,1.91746436444169,2.64472558338877,2.37895983833866,2.42288254656026,2.51860333869127,2.63183446999084,2.19423344689935,2.40823178609131,1.8250938195992,1.53800520695292,1.61488448382508,0.811473078184232,0.834344749759246,1.52434052450383,1.46050251423758,0.811473078184232,0.64112391150406,3.45084681942497,3.45182856091503,3.27988099566822,3.27825354954639,3.31129977180928,3.29733131899724,3.19842090853824,3.19193445859645,1.88999486853715,1.87612104867548
"s171",3.49902614090938,3.48763233473034,3.44353225305509,3.43115968302514,3.45299652543218,3.44058008964864,3.33917610129156,3.44058008964864,1.80344267767679,1.79349641107817,2.81796522484013,2.73881743646899,2.62806049596484,2.38149763203119,2.79419620874652,2.58492259257621,2.61493016743325,2.43568070923589,1.69331210840514,1.64199889615268,1.05089577549525,0.746075892936839,1.65961324139179,1.56914212747359,1.03372999571664,1.09661838928978,3.48135773592848,3.4751979750578,3.42737603633615,3.42449714476942,3.41935175031061,3.41278853243094,3.31188837320437,3.29626931358631,1.75830999314065,1.73032834872091
"s172",3.64820354141192,3.64024713056109,3.45722439127395,3.45078035123874,3.49536639021999,3.48695141666656,3.35289782254617,3.48695141666656,1.99627025708519,2.00092551281972,2.76258116001385,2.61844795448072,2.53245777888742,2.31246583187492,2.75064342933433,2.3453144552923,2.50490611963689,2.2148576518459,1.86746434977928,1.74433866535913,1.27648779122254,1.236320177819,1.86746434977928,1.92451237216072,1.27648779122254,1.2473267534526,3.62339018125534,3.61829037702379,3.43813301547357,3.43603491221767,3.45271064118631,3.44050837877978,3.32161365481842,3.30670484291376,1.95041994878751,1.94344755879601
"s173",3.6657888675038,3.66966199876361,3.46811689395273,3.47578392358715,3.42207456580633,3.41535704646282,3.3359257760195,3.41535704646282,1.76343345280339,1.71986761337695,2.70383502665312,2.49701051784917,2.49337414992867,2.28895283120704,2.68545051100883,2.33799756771329,2.49337414992867,2.41414111295888,1.62844531566874,1.6832693611191,0.834885515359351,0.778666511085378,1.61572983851484,1.54072253933777,0.834885515359351,0.731615102655347,3.64727379680568,3.63981740169716,3.45331283581263,3.44803536804033,3.38872150013114,3.38316476001792,3.31063280892733,3.30248861311085,1.73043631761425,1.72632694249224
"s174",3.48557358552041,3.47670121152903,3.30504692414318,3.30258763419739,3.28056154133413,3.275746697015,3.16629945507337,3.275746697015,1.66977629296534,1.64704665639724,2.74043970259788,2.63593112532093,2.56576419938167,2.0754302056568,2.7022676797754,2.31819069880385,2.55450020694126,2.27338386830138,1.3073206330279,1.45925035332973,0.667795606142892,0.582098454940256,1.3073206330279,1.2414365674965,0.667795606142892,0.374987565783164,3.46776169502936,3.45889171801816,3.28963279853282,3.28942545588442,3.24965761615545,3.2504516276711,3.14054816496773,3.12970170612003,1.62108085432024,1.60482833423448
"s175",3.20951878182261,3.20893254214189,3.01372364576704,3.00401364343669,3.46815671901662,3.44785991843606,3.33867612211843,3.44785991843606,1.98278370763119,1.97039420916533,2.95100345636078,2.77845758590697,2.76179579543752,2.60614520373198,2.84745252532621,2.61606323748584,2.76179579543752,2.58343601587459,1.7816954281298,1.74123870516818,1.20077627822058,1.11057901977827,1.73442011854427,1.57604937874035,1.20077627822058,1.27164133902003,3.18549267093876,3.18552190899038,2.99348109409333,2.99171385512663,3.42378033453067,3.41729125503698,3.30145402724752,3.29949172638243,1.93292194991878,1.91858695495133
"s177",1.79272804397304,1.78137133763774,1.70701583518492,1.70114347482693,2.54172834154767,2.52904940561033,2.44971476272889,2.52904940561033,1.874925978226,1.90083096112139,2.84386933730367,2.67364604433484,2.63051378233852,2.38640196575479,2.84386933730367,2.42125394788041,2.57001196474243,2.09675783561604,1.82529722776635,1.76693763930776,1.18746509359054,1.0670316015121,1.80936727913721,1.57872376699837,1.18746509359054,1.02186425576688,1.78581045888592,1.78513315284299,1.70194694363009,1.70605241465033,2.51496290611195,2.51570563218448,2.43019703982871,2.43315861347748,1.83682352702949,1.85621836158097
"s178",3.53197068425474,3.52803241386639,3.338771792205,3.33452555424731,3.56236379510979,3.55824205950327,3.40915289003848,3.55824205950327,1.91086680965011,1.91477202361061,2.56194269512011,2.4068678596404,2.39824163392903,2.14014980203914,2.55135550389509,2.02589627294304,2.37883704314824,2.37314096322156,1.75593359872149,1.47778004810955,1.06336263640642,1.03251677661911,1.71836633518008,1.57913860141027,1.03201932585217,0.915381880879231,3.50166241972855,3.49588940576469,3.31433995808551,3.32332085438743,3.50878339866343,3.50423440526082,3.3668027281288,3.36223800023736,1.85623048115432,1.83923250392738
"s179",3.22448510978635,3.20847111361933,3.06302831710085,3.06175056540908,3.29165981084331,3.26985862426775,3.15143364858698,3.26985862426775,1.96152388486225,1.93512786364927,2.91278653504006,2.67814592573629,2.74989169715178,2.53460332257152,2.90228847172165,2.49010190772341,2.7113451611518,2.49362324789524,1.69630742648254,1.71827843604807,1.09757140294974,1.07162644923001,1.67118885571314,1.49731665902415,1.07951955779583,1.0150818698437,3.19822700133565,3.18706242758665,3.04027968202796,3.03885277524163,3.24503977332628,3.2423839812771,3.11167435072641,3.11265793150544,1.90669614742496,1.89766843857115
"s180",1.99667532330949,1.99066276243636,1.88110474269173,1.88271902223003,1.31966331684834,1.31191916748385,1.23045962971576,1.31191916748385,1.85201847910479,1.84167464896813,3.27425908577632,3.01350949357594,3.10025740227965,2.72892796024022,3.23736310352239,2.97234764753627,3.06124949682615,2.72671176121643,1.5546310111513,1.26072597130216,0.810116630427514,0.683523299750008,1.52314300273516,1.45588226357421,0.810116630427514,0.800206039894854,1.98018005448763,1.97747659051259,1.8684416585708,1.87457409019213,1.29840085916343,1.28932467651923,1.21425454686849,1.22521596416515,1.79732654202884,1.78361739839588
